"날씨"	"가장 좋아하는 계절은 무엇인가요? 이유는요?"	"비 오는 날에는 주로 뭘 하며 시간을 보내세요?"	"이번 주말에 날씨가 좋으면 어떤 계획을 세우고 싶으세요?"
"여행"	"최근에 다녀온 여행지 중 가장 기억에 남는 곳은 어디인가요?"	"가보고 싶은 여행지가 있다면 어디인가요?"	"혼자 떠나는 여행과 함께 떠나는 여행 중 어떤 걸 선호하세요?"
"음식"	"요즘 가장 자주 먹는 음식은 무엇인가요?"	"좋아하는 음식점이 있나요? 추천해 주실 곳이 있을까요?"	"집에서 요리하는 걸 좋아하시나요? 주로 어떤 요리를 만드세요?"
"음악"	"요즘 즐겨 듣는 음악이 있나요?"	"좋아하는 가수나 밴드는 누구인가요?"	"콘서트에 가본 적 있으신가요? 가장 기억에 남는 콘서트는요?"
"책"	"최근에 읽은 책 중 추천하고 싶은 책이 있나요?"	"어떤 장르의 책을 주로 읽으세요?"	"종이책과 전자책 중 어떤 걸 선호하시나요?"
"스포츠"	"어떤 스포츠를 가장 좋아하시나요?"	"요즘 관심 있게 보는 경기나 팀이 있으신가요?"	"운동할 때 꼭 챙기는 필수 아이템이 있나요?"
"가족"	"어렸을 때 기억에 남는 가족 여행이 있으신가요?"	"가족 간의 전통이나 특별한 가족 문화가 있나요?"	"가족과 함께한 특별한 순간이 있다면 어떤 것인가요?"
"직업"	"꿈꾸는 직업이 있다면 어떤 일인가요?"	"지금 하시는 일이 어떤 점에서 가장 만족스러우신가요?"	"일하면서 힘들었던 경험 중에 배운 점이 있다면 무엇인가요?"
"휴가"	"가장 기억에 남는 휴가지가 있다면 어디인가요?"	"계획적인 여행과 즉흥적인 여행 중 어떤 걸 더 선호하시나요?"	"버킷리스트에 있는 여행지는 어디인가요?"
"반려동물"	"키우고 싶은 반려동물이 있다면 어떤 동물인가요?"	"반려동물을 키우신다면 이름과 종류가 어떻게 되나요?"	"반려동물을 키운다면 어떤 점이 가장 행복하게 느껴지나요?"
"기술"	"요즘 관심 있게 배우고 있는 기술이 있나요?"	"기술 발전 중 가장 흥미로운 분야는 무엇이라고 생각하시나요?"	"새로운 기술에 적응할 때 어떤 방법을 사용하시나요?"
"패션"	"요즘 가장 좋아하는 옷 스타일은 무엇인가요?"	"쇼핑할 때 가장 중요하게 생각하는 것은 무엇인가요?"	"좋아하는 패션 브랜드가 있으신가요?"
"교통"	"운전하면서 가장 스트레스를 받는 상황은 어떤 경우인가요?"	"여행 중 방문한 도시에서 기억에 남는 교통수단은 무엇이었나요?"	"자율주행차가 상용화된다면 가장 기대되는 점은 무엇일까요?"
"건강"	"평소에 건강을 위해 실천하고 있는 습관이 있다면 무엇인가요?"	"스트레스를 받을 때 가장 효과적으로 해소하는 방법은 무엇인가요?"	"요즘 관심 있는 운동이나 스포츠가 있다면 무엇인가요?"
"교육"	"학창 시절 가장 기억에 남는 선생님이나 과목은 무엇이었나요?"	"공부할 때 가장 효과적이라고 느끼는 방법은 무엇인가요?"	"지금 배우고 싶은 언어가 있다면 어떤 언어인가요?"
"요리"	"요즘 자주 만들어 먹는 요리가 있다면 무엇인가요?"	"최근에 도전해본 새로운 요리 레시피가 있나요?"	"좋아하는 요리 프로그램이나 유튜브 채널이 있다면 추천해 주세요."
"예술"	"가장 감명 깊게 본 미술 전시회나 작품이 있다면 무엇인가요?"	"최근에 들은 음악 중에서 가장 인상 깊었던 곡은 무엇인가요?"	"창작 활동(그림, 글쓰기 등)을 해본 적이 있다면 어떤 경험이 있었나요?"
"쇼핑"	"최근에 구입한 물건 중 가장 만족스러운 물건은 무엇인가요?"	"온라인 쇼핑과 오프라인 쇼핑 중 어떤 걸 더 선호하시나요?"	"지금 꼭 사고 싶은 물건이나 아이템이 있다면 무엇인가요?"
"뉴스"	"최근에 가장 관심 있는 뉴스는 무엇인가요?"	"뉴스를 볼 때 주로 TV, 인터넷, 아니면 신문 중 무엇을 이용하나요?"	"뉴스 중에서 가장 충격적이었던 사건은 무엇이었나요?"
"게임"	"게임을 할 때 주로 혼자 하시나요, 아니면 친구들과 함께 하시나요?"	"최근에 새로 출시된 게임 중에서 관심 있는 게임이 있나요?"	"요즘 어떤 게임이 가장 재미있다고 느끼세요?"
"축제"	"축제에서 가장 맛있게 먹었던 음식은 무엇인가요?"	"가보고 싶은 지역 축제가 있다면 어디인가요?"	"최근에 다녀온 축제 중에서 기억에 남는 곳이 있나요?"
"공연"	"가장 감명 깊게 본 공연은 어떤 공연인가요?"	"요즘 가보고 싶은 공연이 있으신가요?"	"공연을 보러 갈 때는 어떤 요소를 가장 중요하게 보세요?"
"전시회"	"가장 인상 깊게 본 전시회는 무엇이었나요?"	"가보고 싶은 전시회가 있다면 무엇인가요?"	"전시회를 통해 새로운 영감을 얻은 경험이 있나요?"
"운동"	"운동을 시작하기 가장 좋은 시간대는 언제라고 생각하세요?"	"혼자 운동하는 것과 함께 운동하는 것, 어떤 게 더 좋나요?"	"요즘 어떤 운동을 즐기고 계신가요?"
"계절"	"계절마다 좋아하는 음식이나 음료가 있으신가요?"	"날씨가 바뀌면서 좋아하는 옷 스타일도 달라지시나요?"	"이번 계절에 가장 기억에 남는 추억은 무엇인가요?"
"휴일"	"이번 휴일에는 특별히 계획하신 일이 있으신가요?"	"휴일에 집에서 쉬는 것과 외출하는 것 중 어떤 걸 선호하시나요?"	"휴일을 더 알차게 보내기 위해 어떤 방법을 추천하시겠어요?"
"트렌드"	"요즘 가장 관심 있는 트렌드는 무엇인가요?"	"새로운 트렌드를 접할 때 주로 어떤 경로로 정보를 얻으시나요?"	"트렌드에 민감한 편인가요, 아니면 나만의 스타일을 고수하시나요?"
"앱"	"요즘 가장 자주 사용하는 앱은 무엇인가요?"	"최근에 발견한 유용한 앱이 있으신가요?"	"지금까지 써본 앱 중에서 가장 인상 깊었던 앱은 무엇인가요?"
"팟캐스트"	"요즘 즐겨 듣는 팟캐스트가 있으신가요?"	"팟캐스트를 듣는 주된 시간대는 언제인가요?"	"추천해주고 싶은 팟캐스트 주제가 있다면 무엇인가요?"
"드라마"	"요즘 보고 있는 드라마가 있으신가요?"	"드라마를 보면서 느꼈던 최고의 반전이나 명장면은 무엇인가요?"	"드라마 속 캐릭터 중에서 가장 공감되거나 닮고 싶은 인물이 있나요?"
"연예인"	"좋아하는 연예인이 있다면 그 이유는 무엇인가요?"	"최근 연예계 소식 중에서 가장 흥미롭게 본 뉴스는 무엇인가요?"	"좋아하는 연예인이 나온 작품이나 무대를 추천해주실 수 있나요?"
"자동차"	"가장 좋아하는 자동차 브랜드는 무엇인가요?"	"자동차를 구매할 때 가장 중요하게 생각하는 점은 무엇인가요?"	"드림카가 있다면 어떤 차인가요?"
"집"	"집에서 가장 좋아하는 공간은 어디인가요?"	"집안 분위기를 바꾸고 싶을 때 어떤 방법을 사용하나요?"	"집에서 가장 자주 하는 활동은 무엇인가요?"
"정원"	"정원에서 키우고 싶은 식물이나 꽃이 있나요?"	"정원 관리가 어렵다고 느낀 적이 있나요?"	"정원을 꾸밀 때 가장 중요하게 생각하는 요소는 무엇인가요?"
"인테리어"	"집 인테리어에서 가장 중요하다고 생각하는 색상이나 스타일은 무엇인가요?"	"최근 트렌디한 인테리어 아이템 중 하나를 고르자면 무엇을 선택하시겠어요?"	"인테리어를 위해 영감을 얻는 방법이 있나요?"
"식물"	"키우는 식물 중 가장 애정이 가는 식물이 있나요?"	"식물 관리 팁 중 가장 효과적이었던 방법은 무엇인가요?"	"식물 키우기 초보자를 위해 추천할 만한 식물이 있나요?"
"커피"	"가장 좋아하는 커피 종류는 무엇인가요?"	"커피를 마실 때 특별히 좋아하는 장소가 있나요?"	"아침에 커피를 마시지 않으면 하루가 어떻게 느껴지나요?"
"차"	"차를 마시며 주로 하는 활동이 있다면 무엇인가요?"	"차를 마실 때 마음이 가장 편안해지는 순간은 언제인가요?"	"가장 좋아하는 차의 종류는 무엇인가요?"
"와인"	"와인을 즐길 때 좋아하는 안주가 있다면 무엇인가요?"	"와인을 고를 때 가장 중요하게 고려하는 요소는 무엇인가요?"	"와인을 처음 접했을 때의 경험을 기억하시나요?"
"맥주"	"가장 좋아하는 맥주 스타일은 무엇인가요?"	"여행 중에 독특한 맥주를 마셔본 적이 있나요?"	"맥주와 잘 어울리는 안주를 추천해 주실 수 있나요?"
"칵테일"	"좋아하는 칵테일이 있다면 이름과 이유를 알려주세요."	"칵테일을 직접 만들어 본 적이 있다면 어떤 걸 만들었나요?"	"칵테일을 마실 때 선호하는 바나 장소가 있나요?"
"디저트"	"가장 좋아하는 디저트가 뭐예요?"	"디저트를 직접 만들어본 적이 있나요? 어떤 걸 만들었나요?"	"요즘 인기 있는 디저트 중에서 시도해보고 싶은 게 있나요?"
"아침식사"	"아침은 매일 챙겨 드시는 편인가요?"	"아침에 자주 먹는 메뉴가 뭐예요?"	"아침 대신 간단히 먹기 좋은 추천 음식이 있나요?"
"점심식사"	"점심 메뉴를 고를 때 가장 중요하게 생각하는 건 뭐예요?"	"점심에 가볍게 먹는 걸 선호하시나요, 아니면 든든히 먹는 걸 좋아하시나요?"	"회사나 학교에서 가장 자주 먹는 점심 메뉴는 뭐예요?"
"저녁식사"	"저녁은 주로 혼자 드세요, 아니면 함께 드세요?"	"특별한 날 저녁 메뉴로 추천하고 싶은 요리가 있나요?"	"저녁에 외식을 하신다면 어떤 음식을 가장 자주 드시나요?"
"간식"	"가장 좋아하는 간식은 무엇인가요?"	"어렸을 때 즐겨 먹던 간식 중 기억나는 게 있나요?"	"일하면서 자주 찾게 되는 간식이 있나요?"
"다이어트"	"다이어트를 할 때 가장 힘들었던 점은 뭐였나요?"	"성공적으로 다이어트를 한 적이 있다면, 어떤 방법이 효과적이었나요?"	"다이어트 중 가장 포기하기 힘든 음식이 있다면 무엇일까요?"
"요가"	"요가를 처음 시작할 때 어떤 점이 가장 어렵던가요?"	"추천할 만한 요가 자세나 동작이 있나요?"	"요가 매트를 고를 때 중요하게 생각하는 점은 무엇인가요?"
"명상"	"명상을 할 때 가장 집중이 잘 되는 환경은 어떤가요?"	"명상을 통해 얻은 가장 큰 변화는 무엇인가요?"	"명상 초보자에게 추천할 만한 방법이 있나요?"
"수면"	"요즘 평균적으로 몇 시간 정도 주무시나요?"	"잠들기 전에 꼭 하는 습관이 있나요?"	"낮잠을 자는 것에 대해 어떻게 생각하세요?"
"꿈"	"최근에 인상 깊었던 꿈이 있었나요?"	"꿈이 현실에 영향을 준 적이 있었나요?"	"꿈의 내용을 기억하기 위해 특별히 노력해 본 적이 있나요?"
"목표"	"올해 가장 중요한 목표는 무엇인가요?"	"목표를 세울 때 어떤 점을 가장 중요하게 생각하나요?"	"목표를 달성했을 때 어떻게 자신을 보상하나요?"
"성공"	"최근에 가장 성공적으로 느꼈던 순간은 언제였나요?"	"성공의 기준은 개인마다 다르다고 생각하는데, 당신의 기준은 무엇인가요?"	"성공을 위해 가장 중요한 요소는 무엇이라고 생각하나요?"
"실패"	"가장 큰 실패에서 배운 점은 무엇인가요?"	"실패를 극복하기 위해 사용하는 방법이 있나요?"	"실패가 성공의 발판이 될 수 있다고 믿나요?"
"도전"	"최근에 가장 도전적이었던 일이 무엇인가요?"	"새로운 도전을 시작하기 전에 어떻게 준비하나요?"	"도전을 통해 자신에 대해 새롭게 알게 된 점이 있나요?"
"변화"	"최근에 당신의 삶에서 가장 큰 변화는 무엇이었나요?"	"변화를 두려워하지 않고 즐기려면 어떻게 해야 할까요?"	"변화를 받아들이는 것이 어려울 때는 어떻게 대처하나요?"
"습관"	"하루 중 가장 중요한 습관은 무엇인가요?"	"새로운 습관을 만들 때 어떤 방식이 효과적인가요?"	"나쁜 습관을 고치기 위해 어떤 노력을 하나요?"
"루틴"	"아침에 꼭 하는 루틴이 있다면 무엇인가요?"	"일과 중 가장 좋아하는 루틴은 무엇인가요?"	"루틴이 깨졌을 때 어떻게 다시 돌아오나요?"
"시간관리"	"시간을 잘 관리하지 못했다고 느꼈던 순간은 언제였나요?"	"우선순위를 정할 때 어떤 기준을 사용하나요?"	"시간이 부족하다고 느낄 때 어떻게 대처하나요?"
"생산성"	"생산성을 높이기 위해 사용하는 도구나 방법이 있나요?"	"일할 때 집중력을 유지하려면 어떻게 해야 할까요?"	"생산성을 떨어뜨리는 가장 큰 요인은 무엇인가요?"
"스트레스"	"최근에 스트레스를 해소하기 위해 어떤 방법을 사용했나요?"	"스트레스를 풀기 위해 주로 하는 활동은 무엇인가요?"	"스트레스 관리를 위해 추천할 만한 팁이 있나요?"
"휴식"	"하루 중 가장 편안하게 쉴 수 있는 시간은 언제인가요?"	"휴식을 취할 때 좋아하는 장소가 있나요?"	"당신에게 이상적인 휴식이란 어떤 모습인가요?"
"여가"	"여가 시간을 가장 즐겁게 보내는 방법은 무엇인가요?"	"여가를 위해 주말에 특별히 계획하는 것이 있나요?"	"여가 시간에 주로 함께하는 사람이 있나요?"
"취미"	"최근에 시작한 새로운 취미가 있나요?"	"당신이 가장 오래 이어온 취미는 무엇인가요?"	"다른 사람들에게 추천하고 싶은 취미가 있나요?"
"악기"	"연주할 줄 아는 악기가 있나요?"	"요즘 배우고 싶다고 생각하는 악기가 있나요?"	"가장 좋아하는 악기의 소리는 무엇인가요?"
"노래"	"당신이 가장 좋아하는 노래는 무엇인가요?"	"노래방에 가면 꼭 부르는 곡이 있나요?"	"특정 노래가 떠오르는 추억이 있나요?"
"춤"	"춤추는 것을 좋아하나요?"	"배워보고 싶은 춤의 장르가 있나요?"	"춤추는 것을 보고 가장 인상 깊었던 순간은 언제였나요?"
"그림"	"그림을 그릴 때 어떤 재료를 가장 좋아하나요?"	"최근에 그려본 그림 중 기억에 남는 것은 무엇인가요?"	"그림 그리기를 처음 시작한 계기가 있나요?"
"사진"	"가장 최근에 찍은 사진은 어떤 장면이었나요?"	"사진 촬영 시 가장 중요하게 생각하는 요소는 무엇인가요?"	"사진 찍는 것을 좋아하는 이유는 무엇인가요?"
"글쓰기"	"가장 최근에 쓴 글의 주제는 무엇인가요?"	"글을 쓸 때 주로 영감을 얻는 방법은 무엇인가요?"	"글쓰기 도중 막혔을 때 어떻게 극복하나요?"
"독서"	"가장 감명 깊게 읽은 책은 무엇인가요?"	"요즘 읽고 있는 책이 있나요?"	"좋아하는 작가나 장르가 있나요?"
"영화"	"영화를 선택할 때 가장 중요하게 보는 요소는 무엇인가요?"	"극장에서 영화를 볼 때와 집에서 볼 때, 어떤 차이가 있나요?"	"좋아하는 영화 장르나 감독이 있나요?"
"박물관"	"방문해본 박물관 중 가장 인상 깊었던 곳은 어디인가요?"	"박물관에서 보고 싶은 특별한 전시나 테마가 있나요?"	"박물관을 통해 배운 가장 흥미로운 사실은 무엇인가요?"
"미술관"	"미술관에서 본 작품 중 가장 기억에 남는 것은 무엇인가요?"	"좋아하는 미술관이나 전시회가 있나요?"	"미술관을 방문할 때 가장 기대되는 순간은 언제인가요?"
"동물원"	"동물원에서 가장 보고 싶은 동물은 무엇인가요?"	"동물원을 방문할 때 가장 기대하는 점은 무엇인가요?"	"동물 보호를 위해 동물원에서 할 수 있는 일은 무엇일까요?"
"수족관"	"수족관에서 가장 인상 깊었던 생물은 무엇인가요?"	"수족관에서 본 전시 중 기억에 남는 테마는 무엇인가요?"	"수족관에서 시간을 보내는 것을 좋아하는 이유는 무엇인가요?"
"놀이공원"	"놀이공원에서 가장 좋아하는 놀이기구는 무엇인가요?"	"놀이공원에서의 추억 중 가장 특별한 것은 무엇인가요?"	"가고 싶은 놀이공원이 있다면 어디인가요?"
"해변"	"가장 좋아하는 해변 휴가지는 어디인가요?"	"바다에서 어떤 활동을 가장 좋아하시나요? (수영, 서핑, 조개 줍기 등)"	"해변에서 즐길 수 있는 음식이나 간식은 무엇인가요?"
"산"	"등산할 때 어떤 준비물을 꼭 챙기시나요?"	"산에서 만난 야생동물 중 가장 기억에 남는 것은 무엇인가요?"	"산에서의 경치 중 가장 아름다웠던 순간은 언제였나요?"
"호수"	"가장 좋아하는 호수는 어디인가요?"	"호수에서 즐길 수 있는 수상 스포츠 중 어떤 것이 가장 재미있으셨나요?"	"호수 주변에서 자주 하는 활동은 무엇인가요? (낚시, 산책 등)"
"숲"	"숲에서 만난 특별한 식물이나 나무가 있으신가요?"	"숲에서 가장 좋아하는 소리는 무엇인가요? (새소리, 바람소리 등)"	"숲에서의 트레킹 중 가장 멋진 풍경을 만난 때는 언제였나요?"
"공원"	"가장 자주 가는 공원은 어디인가요?"	"공원에서 어떤 종류의 활동을 가장 즐기시나요? (피크닉, 산책 등)"	"공원의 자연 요소 중 가장 좋아하는 것은 무엇인가요? (꽃, 나무, 호수 등)"
"캠핑"	"가장 기억에 남는 캠핑 경험은 무엇인가요?"	"캠핑에서 꼭 챙겨야 할 필수 아이템이 무엇인가요?"	"캠핑을 하며 느꼈던 가장 평화로운 순간은 언제였나요?"
"피크닉"	"가장 기억에 남는 피크닉 장소는 어디인가요?"	"피크닉에서 가장 좋아하는 활동은 무엇인가요? (독서, 게임 등)"	"피크닉을 떠올리며 가장 즐거웠던 순간은 언제였나요?"
"등산"	"가장 도전하고 싶은 산은 어디인가요?"	"등산에서 만난 사람들 중 가장 인상 깊은 사람은 누구인가요?"	"등산 중에 찍었던 가장 멋진 풍경 사진은 어디에서 촬영된 것인가요?"
"자전거"	"자전거 타는 곳 중 가장 좋아하는 장소는 어디인가요?"	"자전거를 타며 느낀 가장 좋은 순간은 언제였나요?"	"자전거 타기에 필요한 최고의 조언은 무엇인가요?"
"수영"	"수영을 배우게 된 특별한 계기가 있으신가요?"	"수영 중 즐기는 스타일은 무엇인가요? (자유형, 접영 등)"	"수영 후 가장 즐거운 활동은 무엇인가요?"
"스키"	"스키를 타기 위해 가장 좋아하는 목적지가 어디인가요?"	"스키 초보자들에게 추천하는 팁이 있다면 무엇인가요?"	"스키 여행 중 가장 기억에 남는 에피소드가 있다면 어떤 것인가요?"
"서핑"	"서핑을 시작한 계기가 무엇인가요?"	"서핑을 하면서 가장 멋졌던 파도는 언제였나요?"	"서핑을 함께 하고 싶은 이상적인 해변은 어디인가요?"
"요트"	"요트를 타고 가장 멋진 풍경을 경험한 장소는 어디였나요?"	"가장 기억에 남는 요트 여행지는 어디인가요?"	"요트에서 꼭 해보고 싶은 활동은 무엇인가요?"
"낚시"	"낚시를 처음 시작하게 된 계기가 무엇인가요?"	"가장 기억에 남는 낚시 여행지는 어디인가요?"	"가장 큰 물고기를 잡았던 순간이 언제였나요?"
"골프"	"골프를 시작하게 된 계기가 무엇인가요?"	"골프 중 가장 어려웠던 기술은 무엇인가요?"	"골프 스윙 중 가장 신경 쓰는 부분은 무엇인가요?"
"테니스"	"좋아하는 테니스 선수나 선수 스타일이 있나요?"	"테니스 경기를 관람하거나 참여한 경험이 있으신가요?"	"테니스 대회 중 인상 깊었던 순간이나 유명한 매치가 있으신가요?"
"축구"	"축구를 보거나 플레이할 때 가장 좋아하는 팀은 무엇인가요?"	"가장 기억에 남는 축구 경기나 순간은 무엇인가요?"	"축구 선수 중 누구의 플레이 스타일을 따라하고 싶나요?"
"야구"	"가장 좋아하는 야구 팀은 어디인가요?"	"야구 경기 중 어떤 포지션을 가장 선호하나요?"	"야구 경기 중 가장 기억에 남는 순간이 있으신가요?"
"농구"	"농구를 할 때 가장 선호하는 포지션은 무엇인가요?"	"좋아하는 농구 선수 중 누구를 가장 좋아하나요?"	"농구 코트에서 가장 도전이 되는 기술이나 상황은 무엇인가요?"
"배구"	"배구 경기를 할 때 어떤 포지션이 가장 흥미로운가요?"	"배구 팀 중 가장 좋아하는 팀이 있나요?"	"배구 경기 중 가장 멋지다고 느낀 순간이 언제였나요?"
"탁구"	"탁구 경기 중 가장 재미있었던 순간은 언제였나요?"	"탁구에서 가장 힘든 점은 무엇인가요?"	"탁구 선수 중에서 가장 존경하는 인물이 누구인가요?"
"배드민턴"	"배드민턴을 할 때 어떤 유형의 플레이어인지 궁금합니다. (예: 공격적, 수비적)"	"배드민턴에서 선호하는 샷 종류가 무엇인가요?"	"배드민턴 경기 중 기억에 남는 상대가 있나요?"
"볼링"	"볼링에서 가장 기억에 남는 스코어나 게임이 무엇인가요?"	"볼링을 즐길 때 선호하는 투구 스타일이 있으신가요?"	"볼링 경기 중 최고의 순간은 언제였나요?"
"당구"	"당구를 치면서 가장 좋아하는 룸이나 장소가 어디인가요?"	"당구 게임 중 가장 어려운 순간은 무엇이었나요?"	"당구에서 가장 신경 쓰이는 부분은 무엇인가요?"
"다트"	"다트를 시작하게 된 계기는 무엇인가요?"	"다트 게임에서 가장 어려운 점은 무엇인가요?"	"다트와 관련된 특별한 추억이 있으신가요?"
"보드게임"	"가장 좋아하는 보드게임은 무엇인가요?"	"보드게임을 할 때 팀을 짜는 걸 선호하시나요, 혼자서 플레이하는 걸 선호하시나요?"	"보드게임 중에 전략적인 게임과 운이 중요한 게임 중 어떤 걸 더 선호하시나요?"
"퍼즐"	"퍼즐을 푸는 것이 왜 재미있다고 생각하시나요?"	"퍼즐 중에서 가장 도전이 된 퍼즐은 무엇이었나요?"	"퍼즐을 푸는 데 걸리는 평균 시간이 얼마나 되나요?"
"카드게임"	"가장 좋아하는 카드게임은 무엇인가요?"	"카드게임에서 가장 중요한 전략 요소는 무엇인가요?"	"카드게임 중에서 운이 중요한 게임과 전략이 중요한 게임 중 어떤 걸 더 선호하시나요?"
"비디오게임"	"가장 좋아하는 비디오게임은 무엇인가요?"	"멀티플레이 게임과 싱글플레이 게임 중 어떤 걸 더 선호하시나요?"	"비디오게임에서 가장 인상 깊었던 캐릭터는 누구인가요?"
"온라인게임"	"가장 많이 플레이하는 온라인 게임은 무엇인가요?"	"온라인 게임을 통해 새로운 친구나 커뮤니티를 만난 경험이 있으신가요?"	"게임 내에서 어떤 캐릭터나 클래스가 가장 흥미로우셨나요?"
"모바일게임"	"가장 자주 플레이하는 모바일 게임은 무엇인가요?"	"모바일 게임을 선택할 때 가장 중요하게 생각하는 요소는 무엇인가요?"	"모바일 게임에서 가장 즐기는 요소는 무엇인가요?"
"가상현실"	"가상현실을 통해 가장 인상 깊었던 경험이 있으신가요?"	"가상현실 기술이 우리의 일상에 미치는 영향을 어떻게 생각하시나요?"	"가상현실과 현실 세계 간의 경계를 넘나드는 기술이 앞으로 어떤 발전을 이룰 수 있을까요?"
"증강현실"	"증강현실 기술이 실생활에 가장 많이 사용될 분야는 어디라고 생각하시나요?"	"증강현실을 활용한 마케팅 사례 중 기억에 남는 것이 있으신가요?"	"증강현실이 일상생활에 어떤 편리함을 제공할 수 있을까요?"
"인공지능"	"인공지능 기술이 가장 빠르게 발전할 분야는 어디일까요?"	"인공지능이 우리의 일자리에 어떤 변화를 줄 것이라고 생각하시나요?"	"AI 기술을 통해 가장 흥미로운 가능성이 무엇일까요?"
"로봇"	"로봇 기술이 산업 분야에 미치는 변화는 무엇인가요?"	"로봇이 인간을 대신해 할 수 있는 가장 흥미로운 작업은 무엇일까요?"	"로봇 기술이 우리의 일상생활에 미치는 긍정적인 영향은 무엇일까요?"
"드론"	"드론 기술이 가장 많이 사용될 분야는 어디일까요?"	"드론이 우리의 여행 방식에 어떤 변화를 줄 수 있을까요?"	"드론이 환경 보호에 기여할 수 있는 방법에는 어떤 것이 있을까요?"
"우주"	"우주에서 가장 흥미로운 발견 중 하나가 무엇이라고 생각하시나요?"	"우주 여행이 상용화된다면 가장 먼저 어디로 가고 싶으신가요?"	"우주 연구가 인류에게 미치는 긍정적인 영향을 어떻게 생각하시나요?"
"천문학"	"천문학 분야에서 가장 관심 있는 주제는 무엇인가요?"	"우리 은하 외에 가장 흥미로운 은하나 별자리가 무엇이라고 생각하시나요?"	"천문학 연구가 우리 삶에 어떤 변화를 줄 수 있을까요?"
"과학"	"어떤 과학 분야가 가장 흥미로우세요?"	"가장 좋아하는 과학자나 과학 이론이 있나요?"	"과학 관련 다큐멘터리를 즐겨 보시나요?"
"역사"	"역사 수업 중 가장 인상 깊었던 사건은 무엇이었나요?"	"역사를 배우면서 가장 놀랐던 사실은 무엇이었나요?"	"역사 속에서 어떤 시대를 직접 경험해보고 싶으신가요?"
"지리"	"여행을 가본 가장 인상 깊었던 장소는 어디인가요?"	"지리 수업 중에 가장 흥미로웠던 나라나 도시가 있었나요?"	"세계에서 가장 가보고 싶은 곳은 어디인가요? 그 이유는 무엇인가요?"
"문화"	"문화적 행사 중에서 참여해본 것이 있다면 어떤 것이었나요?"	"문화의 차이로 인해 흥미로운 에피소드가 있었나요?"	"다른 나라의 전통 음식 중에서 가장 좋아하는 것이 무엇인가요?"
"언어"	"어떤 언어를 배우는 것이 가장 재미있으셨나요?"	"외국어 중에서 가장 유용하다고 느낀 언어는 무엇인가요?"	"언어 공부 외에 다른 방법으로 외국어를 연습하신 적이 있나요?"
"사투리"	"사투리를 들으면 가장 기억에 남는 지역은 어디인가요?"	"사투리 중에서 가장 재미있는 표현이나 단어가 무엇인가요?"	"사투리를 배우거나 사용하는 데 있어 재미있었던 경험이 있나요?"
"속담"	"가장 좋아하는 속담이 있나요? 왜 그런지 궁금합니다."	"속담을 통해 배운 교훈 중에서 가장 기억에 남는 것이 무엇인가요?"	"속담을 자주 사용하는 편인가요? 어떤 상황에서 사용하는지 궁금합니다."
"유머"	"농담을 할 때 자주 사용하는 주제가 무엇인가요?"	"최근에 들었던 가장 웃긴 이야기나 농담은 무엇인가요?"	"유머 감각이 좋은 사람을 어떻게 판단하시나요?"
"웃음"	"어떤 상황에서 가장 자주 웃으시나요?"	"웃음을 통해 어떤 긍정적인 변화를 경험했나요?"	"웃음이 사람들과의 관계에 어떤 영향을 미친다고 생각하시나요?"
"표정"	"어떤 표정을 짓는 것이 가장 편한가요?"	"다양한 표정을 짓는 데 있어 특별한 연습이 필요하다고 생각하시나요?"	"특정 상황에서 어떻게 표정을 바꾸는 게 좋은지 조언해주실 수 있나요?"
"제스처"	"어떤 제스처가 가장 자주 사용되나요?"	"제스처가 대화의 흐름에 어떤 영향을 미친다고 생각하시나요?"	"가장 기억에 남는 제스처가 있다면 어떤 것이었나요?"
"목소리"	"어떤 톤이나 억양이 가장 편하게 느껴지세요?"	"목소리가 상대방에게 미치는 영향이 크다고 생각하시나요?"	"목소리를 다양하게 조절하는 팁이 있나요?"
"억양"	"어떤 억양이 상대방과의 대화를 더 자연스럽게 만들 수 있을까요?"	"한국어와 다른 언어의 억양 차이가 어떤가요?"	"억양을 통해 사람의 배경이나 문화가 드러날 수 있나요?"
"발음"	"발음이 언어를 배우는 데 어떻게 영향을 미친다고 생각하나요?"	"발음 교정을 위한 효과적인 방법이 있을까요?"	"외국어를 할 때 가장 어려운 발음이 무엇이었나요?"
"말투"	"어떤 말투가 대화의 분위기를 가장 좋게 만드는 것 같나요?"	"말투가 변할 때, 상대방이 어떻게 반응하는지 경험이 있으신가요?"	"말투를 조절하는 연습을 위해 어떤 방법이 있나요?"
"대화"	"좋은 대화를 위한 가장 중요한 요소는 무엇인가요?"	"대화에서 말하는 속도어떤 주제를 이해하는 데 가장 어려웠던 적이 있나요?와 관련하여 어떻게 조절하시나요?"	"대화에서 비언어적 표현이 어떤 영향을 미친다고 생각하나요?"
"토론"	"토론에서 의견이 충돌했을 때 어떻게 조율해야 하나요?"	"효과적인 토론을 위해 준비해야 할 것들은 무엇인가요?"	"토론 중에 논점을 흐리지 않고 집중하는 팁이 있나요?"
"협상"	"협상에서 가장 중요한 요소는 무엇이라고 생각하나요?"	"협상에서 감정 조절이 중요한 이유가 무엇인가요?"	"협상 중 어려운 상황에서 어떻게 문제를 해결하나요?"
"설득"	"설득에서 가장 중요한 요소는 무엇인가요?"	"설득력을 높이기 위한 비언어적 요소는 무엇인가요?"	"설득 후, 상대방이 긍정적으로 반응하도록 유지하는 방법은 무엇인가요?"
"공감"	"사람들이 서로를 이해하고 공감하는 게 얼마나 중요한지 느끼고 있어요. 당신도 그런 경험이 있나요?"	"힘든 시기에 다른 사람의 공감이 큰 위로가 되죠. 그런 경험 있으세요?"	"공감이란 단어가 요즘 많이 들리는데, 정말 깊은 의미가 있지 않나요?"
"이해"	"어떤 상황에서 다른 사람을 이해하는 것이 가장 어려웠나요?"	"어떤 상황에서 가장 큰 이해를 받았다고 느꼈나요?"	"어떤 주제를 이해하는 데 시간 소모가 가장 많았던 경험이 있나요?"
"경청"	"최근에 누군가의 이야기를 정말 잘 듣고 나서, 그 사람과 더 가까워졌다는 느낌을 받았어요. 그런 경험 있나요?"	"경청은 대화를 더 풍성하게 만들어주는 것 같아요. 최근에 어떤 대화를 통해 그런 걸 느껴본 적 있나요?"	"누군가의 말을 잘 들어본 경험이 있나요?"
"질문"	"가장 독특한 질문을 받은 적이 있나요?"	"처음 만난 사람들에게 가장 많이 하는 질문은 무엇인가요?"	"선생님께 질문 하는 거 잘 하셨나요?"
"대답"	"답변을 잘하는 비결은 무엇인가요?"	"생각보다 빠르게 답변해야 할 때는 어떻게 준비하나요?"	"대화에서 오해를 줄이기 위해 어떤 대답이 가장 효과적일까요?"
"의견"	"가장 최근에 자신의 의견을 적극적으로 표현한 경험이 있나요?"	"의견 차이가 있을 때 어떻게 대처하시나요?"	"여러 사람의 의견을 조화롭게 결합하는 방법은 무엇인가요?"
"생각"	"가장 독창적인 아이디어를 떠올렸던 순간은 언제였나요?"	"생각을 기록하는 방법이 있나요? 어떤 것이 가장 효과적이었나요?"	"새로운 생각을 확장시키는 방법에는 어떤 것이 있나요?"
"아이디어"	"아이디어가 실패한 경험이 있나요? 어떻게 개선했나요?"	"가장 도전적인 아이디어를 실행에 옮기신 경험이 있나요?"	"아이디어가 발전하기 위해 필요한 요소는 무엇인가요?"
"창의성"	"창의적인 사고를 유지하기 위한 팁이 있나요?"	"창의적인 작업을 할 때 가장 영감을 주는 요소는 무엇인가요?"	"창의성을 발전시키기 위해 어떤 활동을 추천하나요?"
"발명"	"가장 독창적인 발명은 무엇이라 생각하나요?"	"발명 아이디어를 구체화하는 과정에서 어떤 도구나 지원이 필요하다고 느끼나요?"	"가장 흥미로운 발명은 무엇인가요? 그 이유는 무엇인가요?"
"발견"	"가장 놀라운 발견은 무엇이었나요?"	"앞으로 어떤 발견을 하고 싶으신가요?"	"가장 중요한 발견은 무엇이라고 생각하나요?"
"연구"	"어떤 연구 주제가 가장 흥미로웠나요?"	"연구를 통해 가장 많이 배운 것이 무엇인가요?"	"연구를 마친 후 어떤 점이 가장 뿌듯하셨나요?"
"실험"	"지금까지 진행했던 실험 중 가장 도전적인 것이 무엇이었나요?"	"예상치 못한 결과를 얻은 적이 있나요?"	"실험에서 실패했을 때 어떻게 대응했나요?"
"관찰"	"어떤 주제로 가장 오랫동안 관찰을 진행했나요?"	"관찰을 통해 얻은 데이터를 어떻게 분석하나요?"	"관찰 중 가장 인상 깊었던 순간은 언제였나요?"
"분석"	"어떤 데이터를 분석할 때 가장 어려웠던 점은 무엇인가요?"	"분석을 통해 얻은 결과 중 가장 흥미로운 것이 무엇이었나요?"	"분석이 연구에 어떤 변화를 가져왔나요?"
"결론"	"결론에 도달하기 위해 가장 중요했던 단계는 무엇이었나요?"	"결론을 내리는 과정에서 어려운 부분이 있었나요?"	"결과를 보고 나서 후회한 적이 있나요? 그렇다면 어떻게 극복했나요?"
"해결책"	"해결책을 찾기 위해 주로 어떤 단계들을 따르시나요?"	"문제를 해결하는 데 있어 가장 중요한 요소가 무엇인가요?"	"여러 해결책 중에서 최종 결정을 내릴 때 가장 중요시하는 기준이 무엇인가요?"
"문제"	"가장 어려웠던 문제 중 하나는 무엇이었나요?"	"문제를 인식하는 순간 어떤 감정을 느꼈나요?"	"문제가 발생했을 때 어떻게 대응하셨나요?"
"고민"	"고민이 해결되지 않았던 적이 있다면, 어떻게 풀어내셨나요?"	"고민이 문제 해결에 도움이 된 경우가 있었나요?"	"고민을 덜기 위해 어떤 방법을 주로 사용하시나요?"
"걱정"	"걱정이 많아지면 어떻게 대처하시나요?"	"걱정을 줄이기 위해 평소 어떤 노력을 기울이시나요?"	"걱정이 일상에 어떤 영향을 미쳤던 적이 있었나요?"
"불안"	"불안을 극복하는 데 있어 가장 도움이 된 행동이나 조언이 있었나요?"	"불안감을 느낄 때 가장 자주 떠오르는 생각은 무엇인가요?"	"불안감을 느낄 때 어떻게 마음을 안정시키시나요?"
"두려움"	"두려움을 이겨내기 위해 어떤 방법을 사용하시나요?"	"두려움을 느꼈던 순간 중 가장 기억에 남는 순간이 있나요?"	"두려움을 대할 때, 가장 중요한 것은 무엇이라고 생각하시나요?"
"용기"	"용기를 내기 가장 어려웠던 순간이 언제였나요?"	"용기 있는 결정을 내리기 위해 가장 중요하다고 생각하는 것이 무엇인가요?"	"다시 용기를 내야 할 상황에서 어떤 생각이 가장 먼저 떠오르나요?"
"희망"	"희망이 어떤 어려운 상황에서 힘이 되었던 적이 있나요?"	"희망을 유지하는 데 있어 가장 중요한 요소는 무엇인가요?"	"희망을 통해 이루고 싶은 목표가 무엇인가요?"
"꿈"	"꿈속에서 어떤 능력을 가지고 싶으셨나요?"	"최근에 꾼 꿈 중 가장 신기한 것은 무엇이었나요?"	"꿈이 현실로 이루어진 적이 있나요?"
"상상"	"만약 당신이 한 가지 슈퍼파워를 가질 수 있다면 어떤 것이 좋을까요?"	"상상 속에서 어떤 삶을 살아보고 싶었나요?"	"상상 속에서 당신이 주인공이 되는 이야기가 있다면 어떤 내용일까요?"
"판타지"	"가장 좋아하는 판타지 영화나 책이 무엇인가요?"	"판타지 배경의 꿈을 꾼 적이 있으신가요?"	"판타지 배경 중 가보고 싶은 곳이 있다면 어디인가요?"
"현실"	"하루 중 가장 현실적인 순간은 언제인가요?"	"현실에서 가장 가치 있는 것은 무엇이라고 생각하시나요?"	"현실에서 가장 어려운 도전은 무엇이었나요?"
"미래"	"미래에 가장 기대되는 기술이 무엇인가요?"	"미래에 당신이 이루고 싶은 목표는 무엇인가요?"	"미래에는 어떤 직업이 가장 인기 있을 것 같나요?"
"과거"	"과거의 실수 중에서 가장 큰 교훈을 얻은 것은 무엇인가요?"	"과거의 경험 중 가장 재미있었던 일은 무엇인가요?"	"과거의 추억 중 다시 돌아가고 싶은 순간은 언제인가요?"
"현재"	"현재 가장 집중하고 있는 일이 무엇인가요?"	"현재를 즐기기 위해 어떤 방법을 쓰고 있나요?"	"현재의 당신에게 가장 중요한 사람은 누구인가요?"
"시간"	"오늘 하루 어떻게 보내셨니요?"	"시간이 빠르게 지나가는 것 같다고 느껴질 때가 언제인가요?"	"당신에게 하루가 48시간이라면 무엇을 더 하고 싶으세요?"
"공간"	"가장 좋아하는 장소는 어디인가요? 왜 그런가요?"	"집에서 가장 편한 공간은 어디인가요?"	"여행 중에 인상 깊었던 장소는 어디인가요?"
"우주"	"만약 우주로 여행을 떠난다면 가장 먼저 무엇을 보고 싶으세요?"	"우주에 대해 궁금한 점이 있다면 무엇인가요?"	"우리가 발견하지 못한 행성이 있을까요?"
"지구"	"지구에 대해 가장 놀랐던 사실은 무엇인가요?"	"지구 환경 보호를 위해 실천하고 있는 것이 있나요?"	"지구에서 가장 아름다운 자연 경관은 어디라고 생각하세요?"
"환경"	"환경을 보호하기 위해 가장 중요하다고 생각하는 것은 무엇인가요?"	"재활용에 대해 어떻게 생각하시나요?"	"환경 문제가 가장 심각하게 느껴지는 시점은 언제인가요?"
"기후변화"	"기후 변화가 우리의 미래에 어떤 영향을 미칠 것 같으신가요?"	"기후 변화에 대한 가장 큰 우려는 무엇인가요?"	"기후 변화와 관련된 긍정적인 변화가 있었다고 느끼는 부분이 있으신가요?"
"재활용"	"재활용을 통해 환경에 어떤 긍정적인 영향을 줄 수 있을까요?"	"가장 흥미로운 재활용 아이디어는 무엇인가요?"	"일상에서 재활용을 실천하는 것이 어떤 변화가 있는지 느끼신 적이 있나요?"
"에너지"	"에너지가 우리 일상에 어떻게 영향을 미치나요?"	"친환경 에너지가 더욱 중요해지고 있다고 생각하시나요?"	"전기를 절약하기 위해 평소 어떤 노력을 하고 계신가요?"
"전기"	"전기가 끊겼을 때 가장 불편했던 순간이 있으신가요?"	"전기를 아끼기 위해 어떤 방법을 사용하고 계신가요?"	"전기 요금 절감을 위해 평소 어떤 습관을 기르고 계신가요?"
"자연"	"자연에서 가장 좋아하는 장소는 어디인가요?"	"자연과 관련된 취미가 있나요? 예를 들어, 등산이나 캠핑 같은 활동 말이에요."	"자연 보호를 위해 어떤 방법으로 기여하고 계신가요?"
"동물"	"가장 좋아하는 동물은 무엇인가요? 그 이유는 무엇인가요?"	"반려동물을 키운 경험이 있으신가요? 어떤 동물과 함께하셨나요?"	"동물원이나 수족관 방문이 기억에 남는 순간이 있으신가요?"
"식물"	"집에서 키우는 식물이 있나요? 어떤 종류인가요?"	"식물 관리를 하면서 배운 것이 있다면 무엇인가요?"	"식물 키우기에 흥미를 느끼게 된 특별한 계기가 있나요?"
"곤충"	"곤충을 보면 어떤 느낌이 드나요?"	"곤충 중에서 가장 흥미로운 종류는 무엇인가요?"	"곤충 관련 작업을 해본 경험이 있으신가요?"
"새"	"새가 날아다니는 모습을 보면 어떤 생각이 드나요?"	"새 중에서 가장 좋아하는 종류는 무엇인가요?"	"최근에 본 새 중 가장 인상 깊었던 새는 무엇인가요?"
"물고기"	"물고기를 키우고 있거나 관심이 있는가요? 어떤 종류인가요?"	"물고기 관찰 중 가장 흥미로운 순간은 언제였나요?"	"물고기와 관련된 지식을 더 배우고 싶은 부분이 있나요?"
"아픔"	"요즘 몸 상태는 어떤가요?"	"아플 때 어떤 활동이 도움이 되나요?"	"아픔이 있을 때 어떤 음식이 특히 도움이 된다고 느끼나요?"
"병"	"최근 병원에 가본 경험이 있으신가요?"	"병에 대한 선호하는 치료법이 있으신가요?"	"건강 검진을 자주 받으시나요?"
"육아"	"육아 중에 가장 보람된 순간은 언제였나요?"	"아이와 함께 처음 경험했던 활동이 뭐였나요?"	"육아에서 가장 힘든 순간은 언제였나요?"
"교육"	"요즘 공부하고 있는 과목이나 분야가 있나요?"	"좋아했던 교사가 있다면 어떤 분이셨나요?"	"학생 시절 가장 좋아했던 교과목은 무엇이었나요?"
"학교"	"학교에서 가장 재미있었던 수업은 무엇이었나요?"	"학교에서 가장 많이 배우게 된 것은 무엇인가요?"	"학교에서 있었던 재미있는 추억 중 가장 기억에 남는 건 무엇인가요?"
"학원"	"학원에서 배운 것 중 가장 도움이 되었던 것은 무엇인가요?"	"학원을 다니면서 만난 가장 좋은 친구가 누구였나요?"	"학원에서 배운 기술이나 지식을 어떻게 활용하고 있나요?"
"과외"	"과외를 통해 어떤 점이 가장 많이 향상되었나요?"	"과외 수업 중에 가장 어려웠던 주제는 무엇이었나요?"	"과외 선생님과의 특별한 추억이 있나요?"
"숙제"	"요즘 가장 어려운 숙제가 무엇인가요?"	"숙제를 할 때 가장 중요하게 생각하는 점은 무엇인가요?"	"숙제를 끝내고 나면 보상으로 어떤 활동을 하시나요?"
"시험"	"최근 본 시험 중 가장 기억에 남는 점이 무엇인가요?"	"시험 준비를 위해 어떤 방법이 가장 효과적이었나요?"	"시험 보는 순간 가장 긴장되었던 순간은 언제였나요?"
"성적"	"최근 받은 성적이 마음에 드셨나요?"	"성적 관리가 어려울 때 어떤 방법으로 극복했나요?"	"성적이 향상된 후 가장 기분이 좋았던 순간이 언제였나요?"
"졸업"	"졸업 후에도 연락을 계속하는 친구가 있나요?"	"졸업 후 가장 하고 싶은 일이 무엇인가요?"	"졸업하고 나서 가장 그리운 것 중 하나가 무엇인가요?"
"취업"	"취업 준비 중 가장 중요하게 생각하는 점은 무엇인가요?"	"취업을 통해 이루고 싶은 목표가 있나요?"	"취업 과정에서 가장 어려웠던 부분이 무엇이었나요?"
"이직"	"이직을 결정한 가장 큰 이유가 무엇이었나요?"	"새로운 직장에서 기대하는 점이 있다면 어떤 것인가요?"	"이직을 통해 이루고 싶은 새로운 목표가 있나요?"
"퇴직"	"퇴직을 결정한 이유가 무엇인가요?"	"퇴직 후 가장 하고 싶은 활동이 무엇인가요?"	"퇴직 후 새로운 분야에 도전하고 싶으신 부분이 있나요?"
"코인"	"요즘 어떤 코인에 관심이 있으신가요?"	"코인 투자에서 가장 중요한 요소는 무엇이라고 생각하세요?"	"코인 관련 새로운 정보를 어디서 찾으시나요?"
"주식"	"주식 투자를 시작한 계기가 무엇이었나요?"	"주식 외에도 다른 재테크 방법에 대해 어떻게 생각하시나요?"	"주식 투자 시 가장 중요하게 생각하는 요소는 무엇인가요?"
"부동산"	"최근 부동산 시장에 대한 의견이 어떠신가요?"	"가장 좋은 부동산 투자는 무엇이라고 생각하세요?"	"부동산 외에 다른 투자 방법에도 관심이 있으신가요?"
"자유"	"자신만의 휴식 방법이 있다면 무엇인가요?"	"자유 시간이 있다면 어떤 활동을 가장 하고 싶으신가요?"	"하루 중 가장 소중한 자유 시간이 언제인가요?"
"아르바이트"	"아르바이트 중 가장 기억에 남는 순간이 있으신가요?"	"아르바이트를 통해 배운 가장 유익한 경험은 무엇인가요?"	"다양한 아르바이트 중 어떤 분야에 더 관심이 있으신가요?"
"봉사활동"	"봉사활동을 통해 얻은 가장 값진 경험은 무엇인가요?"	"가장 인상 깊었던 봉사활동 경험이 있으신가요?"	"앞으로 어떤 봉사활동에 참여하고 싶으신가요?"
"기부"	"기부를 통해 가장 보람을 느꼈던 순간이 언제였나요?"	"기부할 때 가장 중요하게 여기는 가치가 무엇인가요?"	"기부 외에도 어떤 사회적 활동에 참여하고 싶으신가요?"
"나눔"	"나눔 활동을 통해 어떤 변화를 경험하셨나요?"	"나눔 활동 중 가장 기억에 남는 순간이 있으신가요?"	"나눔 외에도 어떤 다른 식으로 나눔을 실천할 수 있을까요?"
"사랑"	"지금까지 경험한 가장 특별한 사랑 이야기가 있다면 어떤 건가요?"	"사랑하는 사람과 함께한 가장 기억에 남는 순간은 언제였나요?"	"사랑과 우정 중 당신에게 더 중요하다고 느끼는 것이 있다면 무엇인가요?"
"우정"	"좋은 우정을 유지하기 위해 가장 중요하다고 생각하는 것이 무엇인가요?"	"최근에 친구와 함께한 즐거운 활동이 있었나요?"	"당신의 가장 소중한 친구와의 특별한 추억이 있다면 어떤 것인가요?"
"결혼"	"결혼에 대한 당신의 생각은 무엇인가요?"	"당신이 생각하는 이상적인 결혼 생활은 어떤 모습인가요?"	"결혼 생활에서 가장 중요한 부분이 무엇이라고 생각하나요?"
"연애"	"당신이 생각하는 좋은 연애 관계는 어떤 모습인가요?"	"당신이 연애에서 가장 중요하게 여기는 가치가 있다면 무엇인가요?"	"연애 초기 단계에서 가장 어려운 점은 무엇인가요?"
"데이트"	"가장 특별했던 데이트 경험이 무엇인가요?"	"미래의 데이트에서 꼭 해보고 싶은 활동이 있다면 무엇인가요?"	"좋은 데이트 장소로 추천하는 곳이 어디인가요?"
"고백"	"가장 기억에 남는 고백 경험이 있나요?"	"고백을 준비할 때 가장 신경 쓰는 부분은 무엇인가요?"	"고백 후 관계가 어떻게 변했는지 경험이 있으신가요?"
"용서"	"용서를 하기 위해 가장 중요한 요소는 무엇인가요?"	"당신이 용서를 받았던 경험 중 가장 인상 깊었던 것이 무엇인가요?"	"용서를 통해 관계가 개선된 경험이 있나요?"
"화해"	"화해가 필요한 상황에서 가장 중요한 점은 무엇인가요?"	"화해를 할 때, 가장 많이 고민하는 부분이 있다면 무엇인가요?"	"화해 후 관계가 어떻게 변화했나요?"
"팀워크"	"팀원 간의 소통을 더욱 원활하게 하는 방법은 무엇이라고 생각하세요?"	"팀워크를 강화하기 위해 어떤 활동이나 이벤트가 효과적일까요?"	"팀 내에서 신뢰를 구축하는 데 가장 중요한 요소는 무엇일까요?"
"리더십"	"좋은 리더가 되기 위해 가장 중요한 것은 무엇이라고 생각하시나요?"	"리더로서 어떤 상황에서 어려움을 겪으셨나요? 그 해결 방법은 무엇이었나요?"	"리더로서 팀원을 어떻게 동기 부여하시나요?"
"멘토링"	"멘토링이 본인의 성장에 어떤 영향을 미쳤나요?"	"멘토로서 어떤 경험이 가장 기억에 남으세요?"	"멘토링 관계에서 가장 중요한 요소는 무엇인가요?"
"상담"	"상담을 통해 어떤 문제를 해결할 수 있다고 생각하시나요?"	"가장 기억에 남는 상담은 어떤 것인가요?"	"상담 중에 있었던 흥미로운 에피소드가 있다면 나눠주세요."
"힐링"	"링을 위해 어떤 활동이 가장 효과적이었나요?"	"최근에 경험한 힐링 순간이 있다면 어떤 것이었는지 궁금해요."	"나만의 힐링 장소나 방법이 있다면 무엇인가요?"
"워라밸"	"워라밸을 위해 가장 중요한 점은 무엇이라고 생각하시나요?"	"주말이나 휴가 때 주로 어떤 활동을 즐기시나요?"	"일이 많을 때에도 자신만의 균형을 유지하는 비결이 있으신가요?"
"행복"	"최근에 가장 행복했던 순간은 언제인가요?"	"하루 중에 가장 행복한 시간은 언제인가요?"	"행복한 사람들의 공통된 특징이 뭐라고 생각하시나요?"
"슬픔"	"오늘 하루는 어땠나요? 슬픈 순간이 있었나요?"	"슬플 때 어떻게 마음을 다스리시나요?"	"슬픔을 나누는 사람이 있나요?"
"분노"	"최근에 화가 난 일이 있었나요? 어떻게 다스리셨나요?"	"분노를 느낄 때는 어떻게 감정을 조절하시나요?"	"다른 사람의 분노를 어떻게 대처하시나요?"
"즐거움"	"최근에 가장 즐거웠던 순간이 언제였나요?"	"즐거움을 찾기 위해 어떤 활동을 자주 하시나요?"	"함께 즐거운 추억을 나누고 싶은 사람이 있나요?"
"지루함"	"최근에 가장 지루했던 순간은 언제였나요?"	"지루함을 줄이기 위해 새로운 활동을 시도한 적이 있나요?"	"지루할 때 가장 먼저 하는 일이 무엇인가요?"
"피곤함"	"최근에 가장 피곤했던 하루는 언제였나요?"	"피곤함을 이기기 위해 어떤 방법을 사용하시나요?"	"피곤할 때 가장 효과적인 회복 방법이 무엇인가요?"
"활동"	"요즘 어떤 활동이 당신에게 에너지를 주나요?"	"최근 관심있는 활동이 있나요?"	"에너지를 충전하기 위해 어떤 장소나 활동이 가장 효과적인가요?"
"열정"	"어떤 분야에 가장 큰 열정을 느끼시나요?"	"열정을 이어가기 위해 어떤 목표를 설정하시나요?"	"열정을 되찾기 위해 특별히 신경 쓰는 것이 있나요?"
"동기부여"	"요즘 가장 당신을 열심히 살게 만드는 원동력은 무엇인가요?"	"누군가에게 동기부여가 필요하다면 어떤 조언을 해주고 싶으세요?"	"오늘 하루를 시작할 때 가장 의욕을 북돋워주는 루틴이 있다면 뭔가요?"
"자신감"	"스스로가 가장 자신감 넘친다고 느낄 때는 언제인가요?"	"자신감을 높이기 위해 평소에 실천하는 방법이 있나요?"	"'이건 나도 정말 잘한다!'라고 생각하는 게 있다면 무엇인가요?"
"자존감"	"요즘 스스로를 칭찬해본 적이 있다면, 어떤 부분인가요?"	"스스로를 아끼고 사랑하기 위해 어떤 노력을 하고 계세요?"	"어린 시절의 자신에게 한마디 해줄 수 있다면 뭐라고 말하고 싶으세요?"
"성격"	"사람들은 보통 당신의 성격을 어떻게 묘사하나요?"	"자신이 가진 성격 중 가장 마음에 드는 점은 무엇인가요?"	"내향적이거나 외향적인 면 중 어느 쪽이 더 강하다고 생각하세요?"
"취향"	"요즘 가장 자주 듣는 노래는 무엇인가요?"	"좋아하는 음식이 있으면 추천해 주실 수 있나요?"	"평소에 즐겨 입는 옷 스타일은 어떤 편인가요?"
"선호도"	"책을 읽을 때 종이책과 전자책 중 어떤 걸 더 선호하세요?"	"비 오는 날과 맑은 날 중 어느 쪽이 더 좋으세요?"	"아침형 인간과 저녁형 인간 중 어느 쪽에 더 가까운가요?"
"특기"	"다른 사람들에게 자랑할 만한 숨겨진 특기가 있나요?"	"요즘 새로 배우고 있는 기술이나 능력이 있나요?"	"친구들이 '이건 너만 할 수 있어!'라고 말했던 적이 있나요?"
"재능"	"어린 시절부터 잘한다고 칭찬받았던 재능이 있나요?"	"요즘 새로 발견한 재능이 있다면 무엇인가요?"	"당신이 가진 재능 중 하나를 다른 사람에게 나눠줄 수 있다면 어떤 걸 선택하시겠어요?"
"능력"	"시간이 충분하다면 새로 배우고 싶은 능력이 있나요?"	"'이건 정말 내가 잘해!'라고 자신할 수 있는 건 무엇인가요?"	"앞으로 어떤 능력을 더 발전시키고 싶으세요?"
"기술"	"기술이 발전하면서 일상에서 가장 편리해진 점은 뭐라고 생각하세요?"	"사용해본 기술 중 가장 신기했던 것은 무엇인가요?"	"어렸을 때 상상하던 미래 기술 중에 지금 현실이 된 게 있을까요?"
"지식"	"한 가지 새로운 지식을 얻는다면 어떤 분야를 선택하시겠어요?"	"'이건 정말 알아두면 좋다' 싶은 지식이 있다면 무엇인가요?"	"지식과 경험 중 하나만 선택해야 한다면 어느 쪽을 선택하시겠어요?"
"지혜"	"지혜로운 선택을 할 때 참고하는 나만의 기준이 있나요?"	"나이가 들수록 느껴지는 삶의 지혜가 있다면 무엇인가요?"	"지혜는 어디서부터 온다고 생각하세요?"
"경험"	"최근에 새롭게 경험해본 것이 있나요?"	"새로운 경험을 시도하는 데 망설이는 이유는 뭘까요?"	"누군가에게 추천하고 싶은 특별한 경험이 있나요?"
"추억"	"어릴 적 가장 행복했던 추억은 무엇인가요?"	"추억 속 장소 중 다시 가보고 싶은 곳이 있나요?"	"추억에 남아 있는 특별한 음식이나 맛이 있나요?"
"기억"	"기억력이 좋다고 느껴질 때는 언제인가요?"	"잊고 싶지 않은 기억이 있다면 무엇인가요?"	"중요한 일을 기억하기 위한 나만의 비법이 있나요?"
"망각"	"잊어버리면 오히려 더 좋은 것들도 있을까요?"	"망각은 삶에서 꼭 필요한 부분이라고 생각하시나요?"	"가끔 잊고 싶을 때는 어떤 방법을 쓰시나요?"
"학습"	"최근에 배운 것 중 가장 재미있었던 건 뭔가요?"	"스스로 학습할 때 가장 효과적인 방법은 무엇인가요?"	"새로운 언어나 기술을 배우는 것을 좋아하시나요?"
"성장"	"자신이 성장했다고 느낄 때는 언제인가요?"	"성장하기 위해 스스로에게 하는 질문이 있나요?"	"성장의 과정에서 가장 중요하다고 생각하는 요소는 무엇인가요?"
"발전"	"자신의 발전을 위해 가장 많이 투자하는 분야는 무엇인가요?"	"발전을 위해 도전했던 가장 큰 일이 무엇이었나요?"	"꾸준히 발전하기 위해 실천하는 습관이 있나요?"
"변화"	"최근에 경험한 가장 큰 변화는 무엇인가요?"	"변화를 받아들이는 데 시간이 오래 걸릴 때가 있나요?"	"긍정적인 변화를 위해 시작한 작은 습관이 있나요?"
"적응"	"새로운 환경에 적응할 때 가장 먼저 하는 일은 무엇인가요?"	"적응력을 키우는 데 도움이 되는 팁이 있나요?"	"적응이 잘 되었다고 느낀 순간은 언제인가요?"
"신체"	"하루 중 어느 시간대에 몸이 가장 활기차다고 느끼시나요?"	"피곤할 때 몸을 바로 회복시키는 비법이 있으신가요?"	"휴식 시간에는 몸을 어떻게 풀어주시는 편인가요?"
"두뇌"	"머리를 맑게 하려고 즐겨 하는 활동이 있으시나요?"	"문제를 해결할 때 직관적으로 접근하시나요, 아니면 논리적으로 차근차근 하시나요?"	"책이나 게임처럼 두뇌에 자극을 주는 취미가 있으신가요?"
"마음"	"요즘 어떤 일이 가장 마음을 따뜻하게 했나요?"	"스트레스를 받으면 마음을 다스리기 위해 무엇을 하시나요?"	"마음을 위로해주는 음악이나 영화가 있으신가요?"
"정신"	"정신을 맑게 유지하려면 평소에 어떤 습관을 가지시나요?"	"긴 하루가 끝나면 정신적으로 어떻게 리프레시 하시나요?"	"마음이 복잡할 때 가장 먼저 하게 되는 일이 있으신가요?"
"감정"	"감정적으로 힘든 날을 보내면 스스로를 어떻게 위로하시나요?"	"최근에 크게 웃었던 순간이 있으셨나요?"	"감정을 잘 다스리기 위해 스스로와 약속한 것이 있나요?"
"직감"	"직감을 믿으시는 편인가요, 아니면 좀 더 논리적으로 판단하시나요?"	"새로운 사람을 만났을 때 직감적으로 그 사람을 어떻게 느끼시나요?"	"어떤 선택을 할 때 직감에 의존하는 일이 자주 있으신가요?"
"본능"	"배고픔처럼 가장 기본적인 본능을 느낄 때 어떤 반응을 하세요?"	"위험한 순간에 본능적으로 대응했던 적이 있으신가요?"	"본능을 무시하고 이성적으로 행동했을 때 결과가 어땠나요?"
"철학"	"삶에서 가장 중요한 가치는 무엇이라고 생각하시나요?"	"만약 하루 동안 철학자가 될 수 있다면, 누구처럼 사고해보고 싶으신가요?"	"철학적으로 가장 매력적인 질문은 무엇일까요?"
"운명"	"운명이라는 것이 정해져 있다고 믿으세요, 아니면 스스로 만들어간다고 생각하시나요?"	"살면서 정말 운명이라고 느껴졌던 순간이 있으신가요?"	"운명과 우연의 경계는 어디라고 생각하시나요?"
"인생"	"인생에서 가장 소중한 기억은 무엇인가요?"	"삶의 목표는 시간이 지나면서 어떻게 변해왔나요?"	"인생을 한 마디로 표현한다면 어떤 단어를 쓰고 싶으신요?"
"삶"	"삶에서 가장 사소하지만 행복한 순간은 언제 느끼시나요?"	"삶이란 무엇이라고 정의할 수 있을까요?"	"지금의 삶에서 가장 감사한 것은 무엇인가요?"
"죽음"	"죽음을 생각하면 어떤 기분이 드시나요?"	"죽음 이후에 무엇이 있을 거라고 믿으시나요?"	"가장 평화로운 죽음의 모습은 어떤 모습이라고 생각하시나요?"
"영생"	"영생이 가능하다면, 지금의 삶과 무엇이 달라질까요?"	"영생을 원하지 않는다면, 그 이유는 무엇일까요?"	"영생보다 중요한 가치가 있다고 생각하시나요?"
"윤회"	"다음 생에 태어나고 싶다면 어떤 모습으로 살고 싶으신가요?"	"전생을 기억할 수 있다면, 무엇을 가장 알고 싶으신가요?"	"다시 태어난다면 과거와 다른 선택을 할 자신이 있으신가요?"
"행운"	"최근에 스스로 정말 운이 좋다고 느꼈던 순간이 있었나요?"	"행운을 가져다준다고 믿는 물건이나 습관이 있나요?"	"주변에 정말 행운의 아이콘처럼 느껴지는 사람이 있나요?"
"기회"	"평소에 기회가 왔을 때 바로 행동하는 편인가요, 아니면 신중히 고민하는 편인가요?"	"만약 어떤 기회든 한 가지를 선택할 수 있다면, 어떤 기회를 선택하고 싶으세요?"	"다른 사람에게 기회를 나눠준 적이 있나요? 그때 어떤 기분이었나요?"
"위기"	"위기가 오히려 좋은 방향으로 바뀐 적이 있나요?"	"예상치 못한 위기에 대처하는 능력을 어떻게 키우고 있나요?"	"'위기는 기회다'라는 말에 대해 동의하시나요? 왜 그렇게 생각하시나요?"
"모험"	"버킷리스트에 있는 모험 중에서 가장 해보고 싶은 것은 무엇인가요?"	"평소에 즉흥적인 모험을 즐기는 편인가요, 아니면 계획적으로 움직이는 편인가요?"	"어릴 때 했던 가장 큰 모험은 무엇이었나요?"
"문학"	"최근에 읽은 책 중에서 가장 인상 깊었던 문장은 무엇인가요?"	"어릴 때 즐겨 읽던 동화책이 있나요?"	"소설 속 배경이 실제로 존재한다면, 어디를 가장 방문해 보고 싶으세요?"
"일기"	"어릴 적 일기를 다시 읽어본 적 있으세요? 그때 기분이 어땠나요?"	"일기 쓸 때 손으로 쓰는 걸 선호하시나요, 아니면 디지털로 기록하시나요?"	"일기를 쓰면 어떤 점이 가장 도움이 된다고 느끼시나요?"
"전화"	"전화를 걸 때 가장 자주 떠올리는 첫 문장은 무엇인가요?"	"전화벨 소리로 쓰고 있는 노래가 있나요?"	"요즘 전화보다는 메시지를 더 많이 쓰게 되는 것 같지 않나요?"
"SNS"	"가장 활발하게 사용하는 플랫폼은 무엇인가요?"	"최근에 SNS에서 발견한 가장 흥미로운 게시물은 어떤 내용이었나요?"	"SNS 사용 시간 줄이는 좋은 팁이 있다면 공유해 주실 수 있을까요?"
"블로그"	"즐겨 찾는 블로그가 있으신가요? 어떤 점이 마음에 드나요?"	"블로그 글 제목을 정할 때 가장 고민되는 점은 무엇인가요?"	"블로그를 운영한다면 어떤 주제를 가장 다뤄보고 싶으신가요?"
"유튜브"	"요즘 가장 자주 보는 유튜브 채널은 어떤 것인가요?"	"유튜브에서 평소에 어떤 주제의 영상을 주로 검색하시나요?"	"라이브 스트리밍 콘텐츠를 보는 걸 좋아하시나요?"
"메타버스"	"메타버스 안에서 현실과 다른 나만의 아바타를 만들 수 있다면, 어떤 모습으로 만들고 싶으신가요?"	"미래에 메타버스가 현실과 많이 연결된다면 어떤 점이 기대되시나요?"	"메타버스 안에서 가장 인상 깊었던 장소는 어디였나요?"
"평행우주"	"평행우주가 존재한다면 다른 나 자신은 어떤 삶을 살고 있을까요?"	"평행우주의 나와 만나면 가장 먼저 무슨 이야기를 해보고 싶으신가요?"	"평행우주 속 자신에게 한 가지 물건을 선물할 수 있다면 무엇을 주고 싶으신가요?"
"시간여행"	"시간여행을 할 수 있다면 과거와 미래 중 어느 쪽으로 가보고 싶으신가요?"	"시간여행을 할 때 가져가야 할 필수품이 있다면 무엇일까요?"	"시간여행에서 과거의 자신에게 한마디를 할 수 있다면 무슨 말을 해주고 싶으신가요?"
"공간이동"	"순간 이동할 수 있다면 지금 가장 가고 싶은 장소는 어디인가요?"	"공간이동으로 출퇴근 시간을 줄일 수 있다면 어떤 기분일까요?"	"공간이동 중 사고가 나면 어떤 일이 벌어질까요?"
"텔레포트"	"텔레포트를 쓸 수 있다면 가장 먼저 누구를 만나러 가고 싶으신가요?"	"텔레포트로 해외여행이 가능해지면 어떤 나라에 제일 먼저 가고 싶으신가요?"	"텔레포트가 가능한 세상이라면 공항은 어떻게 변할까요?"
"초능력"	"어떤 초능력을 가질 수 있다면 가장 갖고 싶은 능력은 무엇인가요?"	"만약 하루 동안 초능력을 사용할 수 있다면 무엇을 하실것인가요?"	"초능력을 가진 사람들이 사는 세상이라면 어떤 사회가 될까요?"
"마법"	"마법을 배울 수 있는 학교가 있다면 어떤 마법을 가장 배우고 싶으신가요?"	"마법을 쓸 수 있다면 일상에서 가장 먼저 어디에 활용하시겠어요?"	"마법 지팡이가 생긴다면 가장 먼저 어떤 주문을 외우고 싶으신가요?"
"SF"	"SF 영화나 소설 중 가장 인상 깊었던 작품은 무엇인가요?"	"SF 기술 중 하나를 현실로 만들 수 있다면 어떤 기술을 선택하시겠어요?"	"SF 속 인공지능과의 대화가 현실이 된다면 어떤 질문을 하고 싶으세요?"
"스릴러"	"스릴러 장르에서 긴장감을 최고로 끌어올리는 요소는 뭐라고 생각하시나요?"	"최근에 본 스릴러 영화 중 가장 예상치 못한 반전이 있었던 작품은 무엇인가요?"	"혹시 밤에 스릴러 영화 보는 걸 좋아하시나요?"
"로맨스"	"드라마 속 커플 중에 '이 둘은 진짜 완벽하다'고 느낀 사례가 있으신가요?"	"혹시 누군가에게 추천하고 싶은 달달한 로맨틱 코미디 영화가 있으신가요?"	"로맨틱한 분위기를 만들기 위해 가장 좋은 장소는 어디라고 생각하세요?"
"코미디"	"요즘 가장 많이 웃었던 코미디 영화나 프로그램이 있다면 어떤 거였나요?"	"가장 기억에 남는 웃긴 에피소드가 있었던 드라마나 영화는 무엇이었나요?"	"혹시 일상에서 겪은 웃긴 에피소드 중에 이야기하고 싶은 게 있으신가요?"
"액션"	"액션 영화 중에서 가장 멋진 액션 장면이 기억나는 작품은 무엇인가요?"	"혹시 액션 영화를 보면서 따라 하고 싶었던 장면이 있었나요?"	"특수효과와 실제 스턴트 중 어떤 액션 연출이 더 인상적인가요?"
"애니메이션"	"어릴 때 가장 좋아했던 애니메이션 캐릭터는 누구였나요?"	"애니메이션 영화와 시리즈 중 어느 쪽을 더 자주 보시나요?"	"최근에 본 애니메이션 중에서 가장 감동적인 장면이 있었던 작품은 무엇이었나요?"
"다큐멘터리"	"최근에 본 다큐멘터리 중에서 가장 흥미로웠던 주제가 무엇이었나요?"	"다큐멘터리를 통해 알게 된 새로운 사실 중에서 가장 놀라웠던 것은 무엇인가요?"	"혹시 다큐멘터리를 보면서 직접 현장에 가보고 싶다고 느낀 적이 있으신가요?"
"시사"	"최근 가장 화제가 된 뉴스 중에 관심이 갔던 이슈가 있었나요?"	"시사를 접할 때 텍스트, 동영상, 팟캐스트 중 어떤 형태를 선호하시나요?"	"최근의 시사 문제 중에서 본인이 꼭 바뀌었으면 하는 부분이 있었나요?"
"필라테스"	"필라테스를 통해 얻은 가장 큰 변화는 무엇인가요?"	"필라테스를 하면서 가장 도전했던 동작은 무엇인가요?"	"가장 좋아하는 필라테스 동작은 무엇인가요? 이유가 있나요?"
"헬스"	"헬스를 통해 달성하고 싶은 목표가 무엇인가요?"	"헬스를 할 때 가장 즐거운 부분은 무엇인가요?"	"가장 효과를 본 헬스 트레이닝은 무엇인가요?"
"조깅"	"조깅할 때 가장 선호하는 장소는 어디인가요?"	"조깅 중 인상 깊었던 풍경이 있나요?"	"조깅을 시작하게 된 계기가 무엇인가요?"
"농사"	"농사를 지으며 가장 보람 있었던 순간은 언제였나요?"	"농사를 통해 배우게 된 특별한 기술이나 지식이 있나요?"	"농사 중 가장 어려운 작업은 무엇이었나요?"
"원예"	"원예를 시작하게 된 계기가 무엇인가요?"	"원예 작업 중 어떤 식물에 더 관심이 가나요?"	"원예를 하며 얻은 유익한 팁이나 노하우가 있나요?"
"꽃꽂이"	"꽃꽂이 활동을 시작한 특별한 계기가 있나요?"	"가장 즐겁게 작업하는 꽃 종류가 있나요?"	"꽃꽂이를 할 때 가장 중요하게 생각하는 요소는 무엇인가요?"
"요리"	"요리를 하면서 가장 좋아하는 레시피는 무엇인가요?"	"요리 중 실패한 경험 중 기억에 남는 일이 있나요?"	"요리를 통해 배운 특별한 기술이나 팁이 있다면 무엇인가요?"
"제빵"	"제빵 중 가장 자신 있는 레시피는 무엇인가요?"	"제빵 중 가장 도전적인 레시피는 무엇인가요?"	"제빵 중 가장 좋아하는 재료는 무엇인가요?"
"제과"	"제과 활동에서 가장 자주 만드는 디저트는 무엇인가요?"	"제과 작업 중 가장 어려운 단계는 무엇인가요?"	"제과 작업 중 기억에 남는 성공적인 작품이 있나요?"
"바리스타"	"가장 좋아하는 커피 종류는 무엇인가요?"	"바리스타로 일하면서 가장 신기했던 커피가 무엇인가요?"	"커피 이외에 추천하는 음료가 있다면 무엇인가요?"
"소믈리에"	"와인에 관심을 갖게 된 특별한 계기가 있나요?"	"가장 좋아하는 와인은 무엇이며, 이유가 무엇인가요?"	"와인 관련해서 얻은 가장 유익한 정보나 팁이 무엇인가요?"
"조주"	"조주사로서 가장 신나는 순간은 언제인가요?"	"가장 잘 만드는 칵테일은 무엇인가요?"	"조주 작업 중 특별히 기억에 남는 주문이 있나요?"
"공예"	"어떤 종류의 공예가 가장 좋아하세요?"	"공예 작품 중에서 가장 마음에 드는 작품이 무엇인가요?"	"공예를 시작하게 된 계기가 무엇인가요?"
"도예"	"도자기를 만들 때 가장 신경 쓰는 부분이 무엇인가요?"	"도예를 배우기 시작한 계기가 무엇이었나요?"	"도예에서 가장 어려운 단계는 무엇인가요?"
"목공"	"목공을 할 때 가장 중요하게 생각하는 점은 무엇인가요?"	"목공을 시작하게 된 이유가 있나요?"	"목공에서 가장 자주 사용하는 나무는 무엇인가요?"
"뜨개질"	"가장 좋아하는 뜨개질 작품이 있나요?"	"뜨개질 중에 가장 도전적인 패턴이 무엇이었나요?"	"떠내려고 하는 작품이 있다면 어떤 것이 있나요?"
"스크랩북"	"스크랩북 작업에서 가장 신경 쓰는 부분은 무엇인가요?"	"스크랩북에 담고 싶은 추억이 있다면 어떤 것이 있나요?"	"스크랩북을 만들 때 가장 중요하게 여기는 요소는 무엇인가요?"
"피규어"	"가장 최근에 구입한 피규어는 무엇인가요?"	"피규어 수집의 매력은 무엇이라고 생각하시나요?"	"피규어 중에서 가장 마음에 드는 것은 어떤 것인가요?"
"인형"	"인형과 관련된 특별한 추억이 있으신가요?"	"가장 오래된 인형은 언제부터 소장하고 계신가요?"	"인형을 통해 배우고 싶은 문화나 역사적 배경이 있나요?"
"장난감"	"어린 시절 가장 좋아했던 장난감은 무엇이었나요?"	"장난감을 만들어본 경험이 있으신가요?"	"요즘 유행하는 장난감 중에서 어떤 것이 가장 흥미로우신가요?"
"롤플레잉"	"롤플레잉 게임에서 가장 좋아하는 요소는 무엇인가요?"	"롤플레잉 게임에서 플레이어로서 가장 중요한 것은 무엇이라고 생각하시나요?"	"롤플레잉 게임의 스토리를 어떤 방식으로 즐기시나요?"
"코스프레"	"도전했던 코스프레 의상은 무엇이었나요?"	"코스프레를 준비할 때 가장 중요한 요소는 무엇인가요?"	"코스프레로 인해 새롭게 알게 된 캐릭터나 세계관이 있으신가요?"
"메이크업"	"오늘 메이크업은 어떤 컨셉으로 하셨나요?"	"메이크업을 할 때 가장 중요하게 생각하는 부분이 무엇인가요?"	"메이크업을 통해 새로운 스타일을 시도해 본 적이 있으신가요?"
"헤어스타일"	"최근에 시도해 본 새로운 헤어스타일이 있나요?"	"머리 관리에 특별히 신경 쓰는 부분이 있나요?"	"헤어 제품 중에서 가장 애정하는 것이 무엇인가요?"
"네일아트"	"네일아트 디자인을 고를 때 어떤 요소를 가장 중요시하나요?"	"평소 즐겨 하는 네일아트 스타일이 있나요?"	"네일 컬러를 선택할 때 계절이나 트렌드에 영향을 받으시나요?"
"타투"	"첫 번째 타투는 언제 하셨요?"	"타투 디자인을 어떻게 선택했는지 공유해 주세요."	"타투를 결정할 때 어떤 영감을 받았으나요?"
"피어싱"	"가장 마음에 드는 피어싱은 무엇인가요?"	"피어싱 관리하는 팁을 알려주실 수 있나요?"	"어떤 장소에 피어싱을 더 추가하고 싶으신가요?"
"액세서리"	"가장 자주 착용하는 액세서리는 무엇인가요?"	"특별한 이벤트에 맞춰 착용하는 특별한 액세서리가 있나요?"	"다양한 액세서리를 조화롭게 착용하는 팁이 있나요?"
"보석"	"보석을 구매할 때 가장 중요하게 생각하는 요소는 무엇인가요?"	"보석 컬렉션 중에서 가장 특별한 것은 무엇인가요?"	"보석과 관련된 특별한 추억이 있나요?"
"시계"	"가장 애착이 가는 시계는 무엇인가요?"	"다양한 시계를 소장하면서 느낀 점이 있나요?"	"시계를 고를 때 중요한 요소는 무엇인가요?"
"가방"	"가장 좋아하는 가방 브랜드는 무엇인가요?"	"가방을 고를 때 어떤 기준이 가장 중요하다고 생각하시나요?"	"가방 관리 비법이 있다면 공유해 주세요."
"신발"	"신발 컬렉션 중에서 가장 특별한 것은 무엇인가요?"	"신발을 고를 때 어떤 점을 가장 중요하게 생각하나요?"	"새로운 트렌드에 따라 신발을 구매하나요?"
"모자"	"가장 애착이 가는 모자는 무엇인가요?"	"모자를 고를 때 어떤 스타일을 중점적으로 고려하시나요?"	"모자 관리 팁이 있으면 알려주세요."
"안경"	"가장 좋아하는 안경 스타일은 무엇인가요?"	"안경을 선택할 때 중요하게 생각하는 점은 무엇인가요?"	"안경을 착용하며 생긴 특별한 순간이 있나요?"
"선글라스"	"선글라스를 고를 때 어떤 요소를 가장 중시하나요?"	"날씨와 상황에 따라 선글라스를 어떻게 선택하시나요?"	"선글라스를 통해 어떤 룩을 완성하고 싶으신가요?"
"향수"	"가장 좋아하는 향수는 무엇인가요?"	"향수를 선택할 때 가장 중요하게 여기는 점은 무엇인가요?"	"향수와 관련된 특별한 추억이 있나요?"
"화장품"	"화장품 컬렉션 중에서 가장 좋아하는 제품은 무엇인가요?"	"화장품을 선택할 때 어떤 요소가 가장 중요하다고 생각하시나요?"	"메이크업에서 가장 자주 사용하는 제품은 무엇인가요?"
"스킨케어"	"가장 효과적인 스킨케어 루틴은 무엇인가요?"	"스킨케어 제품을 선택할 때 어떤 기준을 따르시나요?"	"스킨케어로 인해 달라진 피부 상태를 느끼신 적이 있나요?"
"마사지"	"최근에 받은 마사지 중 가장 기억에 남는 곳이 있다면 어디인가요?"	"마사지 받으면서 가장 시원했던 부위는 어디였나요?"	"마사지를 얼마나 자주 받으시나요?"
"스파"	"스파에서 가장 좋아하는 프로그램이나 서비스가 있다면 무엇인가요?"	"스파를 방문할 때 꼭 챙기는 필수품이 있나요?"	"최근에 다녀온 스파를 추천해주실 수 있나요?"
"사우나"	"사우나에서 가장 좋아하는 온도는 몇 도인가요?"	"사우나를 할 때 땀을 빼는 것 외에 다른 특별한 루틴이 있나요?"	"사우나에서 어떤 음료를 즐기시나요?"
"목욕"	"목욕을 할 때 꼭 사용하는 입욕제가 있다면 추천해주세요!"	"반신욕과 전신욕 중 어떤 걸 더 선호하시나요? 이유는요?"	"목욕하면서 듣기 좋은 음악이나 좋아하는 향이 있나요?"
"샤워"	"샤워할 때 주로 노래를 부르나요? 아니면 조용히 생각에 잠기나요?"	"아침 샤워와 저녁 샤워 중 어느 쪽이 더 개운한 느낌을 주나요?"	"갑자기 뜨거운 물이 안 나오는 샤워를 상상해본 적 있나요? 그럴 땐 어떻게 대처하실 건가요?"
"해몽"	"반복적으로 꾸는 꿈이 있다면, 어떤 의미일까요?"	"꿈에 나타난 상징적인 이미지가 해몽에서 어떤 의미를 가졌는지 궁금하네요."	"해몽에 대해 들었을 때, 딱 맞는다고 느낀 적이 있으신가요?"
"타로"	"타로 카드 점을 보면서 가장 인상 깊었던 메시지는 무엇이었나요?"	"타로를 볼 때 가장 흥미롭게 느껴지는 카드는 무엇인가요?"	"타로를 통해 얻은 조언이 실제로 도움된 경험이 있으신가요?"
"사주"	"사주를 볼 때 가장 놀라웠던 점이 무엇이었나요?"	"사주에서 나온 정보 중 가장 공감이 갔던 부분이 있다면요?"	"사주를 통해 인생의 방향성을 얻었다고 느낀 적이 있으신가요?"
"관상"	"관상은 타고나는 거라고들 하는데, 본인의 관상에 대해 들어본 적이 있나요?"	"관상가에게 상담받을 기회가 생긴다면 무엇을 가장 묻고 싶으세요?"	"관상으로 미래를 점칠 수 있다는 말, 믿으시는 편인가요?"
"손금"	"손금을 보면 인생의 흐름을 알 수 있다고 하던데, 본인의 손금 중 가장 독특한 부분은 어디인가요?"	"손금을 자세히 들여다보면 뭔가 신기한 패턴이나 무늬가 보이던데, 본인의 손금은 어떤가요?"	"손금을 믿는 편인가요? 아니면 그냥 재미로 보는 정도인가요?"
"운세"	"오늘 운세를 봤다면, 무슨 얘기가 나왔는지 기억하시나요?"	"운세를 볼 때 제일 중요하다고 생각하는 건 뭘까요? 사랑, 재물, 건강?"	"매년 새해에 한 해 운세를 보는 편인가요? 본다면 주로 어떤 방식으로 보세요?"
